
<RENDERBATCH>

  <RENDERIMG RASNAME="F:\Project\Modulo3_FPGA\Clase2\Gpio\SDK\SDK_Export\hw\imgs\microblaze_0.jpg" SVGNAME="F:\Project\Modulo3_FPGA\Clase2\Gpio\SDK\SDK_Export\hw\imgs\microblaze_0.svg" TMPSVGFN="F:\Project\Modulo3_FPGA\Clase2\Gpio\__xps\.dswkshop\microblaze_0.svg"/>

  <RENDERIMG RASNAME="F:\Project\Modulo3_FPGA\Clase2\Gpio\SDK\SDK_Export\hw\imgs\mb_plb.jpg" SVGNAME="F:\Project\Modulo3_FPGA\Clase2\Gpio\SDK\SDK_Export\hw\imgs\mb_plb.svg" TMPSVGFN="F:\Project\Modulo3_FPGA\Clase2\Gpio\__xps\.dswkshop\mb_plb.svg"/>

  <RENDERIMG RASNAME="F:\Project\Modulo3_FPGA\Clase2\Gpio\SDK\SDK_Export\hw\imgs\ilmb.jpg" SVGNAME="F:\Project\Modulo3_FPGA\Clase2\Gpio\SDK\SDK_Export\hw\imgs\ilmb.svg" TMPSVGFN="F:\Project\Modulo3_FPGA\Clase2\Gpio\__xps\.dswkshop\ilmb.svg"/>

  <RENDERIMG RASNAME="F:\Project\Modulo3_FPGA\Clase2\Gpio\SDK\SDK_Export\hw\imgs\dlmb.jpg" SVGNAME="F:\Project\Modulo3_FPGA\Clase2\Gpio\SDK\SDK_Export\hw\imgs\dlmb.svg" TMPSVGFN="F:\Project\Modulo3_FPGA\Clase2\Gpio\__xps\.dswkshop\dlmb.svg"/>

  <RENDERIMG RASNAME="F:\Project\Modulo3_FPGA\Clase2\Gpio\SDK\SDK_Export\hw\imgs\dlmb_cntlr.jpg" SVGNAME="F:\Project\Modulo3_FPGA\Clase2\Gpio\SDK\SDK_Export\hw\imgs\dlmb_cntlr.svg" TMPSVGFN="F:\Project\Modulo3_FPGA\Clase2\Gpio\__xps\.dswkshop\dlmb_cntlr.svg"/>

  <RENDERIMG RASNAME="F:\Project\Modulo3_FPGA\Clase2\Gpio\SDK\SDK_Export\hw\imgs\ilmb_cntlr.jpg" SVGNAME="F:\Project\Modulo3_FPGA\Clase2\Gpio\SDK\SDK_Export\hw\imgs\ilmb_cntlr.svg" TMPSVGFN="F:\Project\Modulo3_FPGA\Clase2\Gpio\__xps\.dswkshop\ilmb_cntlr.svg"/>

  <RENDERIMG RASNAME="F:\Project\Modulo3_FPGA\Clase2\Gpio\SDK\SDK_Export\hw\imgs\lmb_bram.jpg" SVGNAME="F:\Project\Modulo3_FPGA\Clase2\Gpio\SDK\SDK_Export\hw\imgs\lmb_bram.svg" TMPSVGFN="F:\Project\Modulo3_FPGA\Clase2\Gpio\__xps\.dswkshop\lmb_bram.svg"/>

  <RENDERIMG RASNAME="F:\Project\Modulo3_FPGA\Clase2\Gpio\SDK\SDK_Export\hw\imgs\DIP_Switches.jpg" SVGNAME="F:\Project\Modulo3_FPGA\Clase2\Gpio\SDK\SDK_Export\hw\imgs\DIP_Switches.svg" TMPSVGFN="F:\Project\Modulo3_FPGA\Clase2\Gpio\__xps\.dswkshop\DIP_Switches.svg"/>

  <RENDERIMG RASNAME="F:\Project\Modulo3_FPGA\Clase2\Gpio\SDK\SDK_Export\hw\imgs\LEDS.jpg" SVGNAME="F:\Project\Modulo3_FPGA\Clase2\Gpio\SDK\SDK_Export\hw\imgs\LEDS.svg" TMPSVGFN="F:\Project\Modulo3_FPGA\Clase2\Gpio\__xps\.dswkshop\LEDS.svg"/>

  <RENDERIMG RASNAME="F:\Project\Modulo3_FPGA\Clase2\Gpio\SDK\SDK_Export\hw\imgs\clock_generator_0.jpg" SVGNAME="F:\Project\Modulo3_FPGA\Clase2\Gpio\SDK\SDK_Export\hw\imgs\clock_generator_0.svg" TMPSVGFN="F:\Project\Modulo3_FPGA\Clase2\Gpio\__xps\.dswkshop\clock_generator_0.svg"/>

  <RENDERIMG RASNAME="F:\Project\Modulo3_FPGA\Clase2\Gpio\SDK\SDK_Export\hw\imgs\mdm_0.jpg" SVGNAME="F:\Project\Modulo3_FPGA\Clase2\Gpio\SDK\SDK_Export\hw\imgs\mdm_0.svg" TMPSVGFN="F:\Project\Modulo3_FPGA\Clase2\Gpio\__xps\.dswkshop\mdm_0.svg"/>

  <RENDERIMG RASNAME="F:\Project\Modulo3_FPGA\Clase2\Gpio\SDK\SDK_Export\hw\imgs\proc_sys_reset_0.jpg" SVGNAME="F:\Project\Modulo3_FPGA\Clase2\Gpio\SDK\SDK_Export\hw\imgs\proc_sys_reset_0.svg" TMPSVGFN="F:\Project\Modulo3_FPGA\Clase2\Gpio\__xps\.dswkshop\proc_sys_reset_0.svg"/>

  <RENDERIMG RASNAME="F:\Project\Modulo3_FPGA\Clase2\Gpio\SDK\SDK_Export\hw\imgs\system_blkd.jpg" SVGNAME="F:\Project\Modulo3_FPGA\Clase2\Gpio\SDK\SDK_Export\hw\imgs\system_blkd.svg" TMPSVGFN="F:\Project\Modulo3_FPGA\Clase2\Gpio\__xps\.dswkshop\system_blkd.svg"/>

</RENDERBATCH>